stage,mode,condition,n,seed_formula,first_seed,last_seed,group_sha256
pilot,shared_boundary,core,40,SHA256(version|stage|mode|condition|index)->uint32,3258131242,2344389557,5c62f2f2f907bd771080effcd5335fbf4a44ce07f913943ce406ad771d99fed2
pilot,shared_boundary,clamp_leakage,40,SHA256(version|stage|mode|condition|index)->uint32,3421159619,3938028097,0a2aab96d537a21c43a3c616f76f7bfcd12af66a8e955b2d41e68b3b7972a958
pilot,shared_boundary,clamp_noise,40,SHA256(version|stage|mode|condition|index)->uint32,4220989426,3323525462,f2c5f17e0e81a81283cde7a03d192884a8a53c74f4bf812391d0813385429224
pilot,shared_boundary,measurement_error,40,SHA256(version|stage|mode|condition|index)->uint32,2439547507,1020102234,18bcdf8e8c98cfa97e348631d264dc29d055473e650b70063b09b6d3e76018d1
pilot,shared_boundary,latent_driver,40,SHA256(version|stage|mode|condition|index)->uint32,1595611966,4065553030,68d50d8a24a90924bed9dc703747c25f7c7a81d1abee7bf4db5c22bdcd0459da
pilot,shared_boundary,weak_vo_coupling,40,SHA256(version|stage|mode|condition|index)->uint32,458928371,499890239,a904504a1039b157f4ba20d92a531fcaaf3e10f943b174d82eae0d7c95f54c61
pilot,shared_boundary,colored_noise,40,SHA256(version|stage|mode|condition|index)->uint32,1509305861,3597456079,bc22ec26c40d7b26c62d32b54836ab39475473836ddbf38e2207bc9718eb6b75
pilot,shared_boundary,parameter_drift,40,SHA256(version|stage|mode|condition|index)->uint32,1842329683,1189363799,1968ba17189c0c307a48b239a317d65c5de0d0e857c301dc28d8f3fad904e461
pilot,shared_boundary,compound,40,SHA256(version|stage|mode|condition|index)->uint32,3661274662,1266410767,48bcbbb52127f2ece6ae07c03536ac2de1c9f111a2f2f5b68e2e4ea80619269b
pilot,separate_boundary,core,40,SHA256(version|stage|mode|condition|index)->uint32,3476488605,3067317465,5be0b5034dc3f1e06ce2dee3323c93d3593bf50835e04d4f90ee2c597f70ca24
pilot,separate_boundary,clamp_leakage,40,SHA256(version|stage|mode|condition|index)->uint32,2429875670,2793422839,3f98569a8791dd9d20da0e2881e1b3f0c8d8f2ff939a629480db4c8affd48094
pilot,separate_boundary,clamp_noise,40,SHA256(version|stage|mode|condition|index)->uint32,3595633850,866880965,4bafd4f712f755047c110b614c132f4f881dc17b90064f1c1ff941fdce340b04
pilot,separate_boundary,measurement_error,40,SHA256(version|stage|mode|condition|index)->uint32,2688182522,433317087,c677fc8874926f8c5ae3ab153a754bd866ee9e226b422ac6c586553bcad10bee
pilot,separate_boundary,latent_driver,40,SHA256(version|stage|mode|condition|index)->uint32,1142863290,2274551618,0a2cff10318decd77732a0bd98dc87adbaa7fecaf96c45fa64428fb77f082b67
pilot,separate_boundary,weak_vo_coupling,40,SHA256(version|stage|mode|condition|index)->uint32,1139058764,455118042,1883ab57a3bc883dd78ad4b803b0af5c40bd0bf11fd58363fdc1a09579a6a89b
pilot,separate_boundary,colored_noise,40,SHA256(version|stage|mode|condition|index)->uint32,3705680035,175429906,66202c87c11c2d7181fe6a7e160e5d8159e6216407c64493cc644197d9b832ac
pilot,separate_boundary,parameter_drift,40,SHA256(version|stage|mode|condition|index)->uint32,3300990,1331810998,b27c06439fd5bd6d6811ab1e475925b3012952ef2d2ba29dd0241813e0040bc2
pilot,separate_boundary,compound,40,SHA256(version|stage|mode|condition|index)->uint32,2825327491,1975603545,4f1b45853d383a2d0621bed63ca0ac59db057ac97f615cec7a93289297af5b11
pilot,common_driver,core,40,SHA256(version|stage|mode|condition|index)->uint32,540629168,68759515,61f4f02c062f9a21dacd56ce720516843d98fef27fa5956cefc469ec78b50004
pilot,common_driver,clamp_leakage,40,SHA256(version|stage|mode|condition|index)->uint32,3962056629,548210678,d8912a384e4745dbc8166db4cedc390a96b1bddf1b2eec426b8b88d8468199f4
pilot,common_driver,clamp_noise,40,SHA256(version|stage|mode|condition|index)->uint32,1669457573,3425532553,0d70d15f59758345b4aa9884c95b69e938968e6d85487d59ad737e1cd62f68c4
pilot,common_driver,measurement_error,40,SHA256(version|stage|mode|condition|index)->uint32,3657529086,3598316285,71a818a12d251881ac5774547d12d3815fc2b7262b27c698f8b3427fdc393347
pilot,common_driver,latent_driver,40,SHA256(version|stage|mode|condition|index)->uint32,1208082481,76668642,9ffdfed4c179261076c25ad5a0cd9863fd7092d1a8ccdb1f5c662ed746f884a6
pilot,common_driver,weak_vo_coupling,40,SHA256(version|stage|mode|condition|index)->uint32,2257159662,3993303879,cb9d4b070af1606093e98bb21ac2db9ac0728e547a7813ecc0c0019702576dbd
pilot,common_driver,colored_noise,40,SHA256(version|stage|mode|condition|index)->uint32,2341828260,3095060038,8390593247db3e84ff6c1d66ace4fd9d6326e5ddf682f896815c61256f096456
pilot,common_driver,parameter_drift,40,SHA256(version|stage|mode|condition|index)->uint32,2667340539,4184697182,8625008ab650e63af92ac7ad98dc099062562bda011dfa83bfa038e8cf12be1f
pilot,common_driver,compound,40,SHA256(version|stage|mode|condition|index)->uint32,3319753293,199623569,b5e7e8d419555af51ba2e46421b2c466ae7b5e538b143c8b67197b99b0e977a2
pilot,viability_only,core,40,SHA256(version|stage|mode|condition|index)->uint32,2543354452,2264024516,5084271a305ecd3215be74f86e4550a0dd1c91f474b3a9ab1e3de58a59726b2b
pilot,observability_only,core,40,SHA256(version|stage|mode|condition|index)->uint32,1148955042,977059136,cc77bb9fd51e6b32f637c2a4f226275d5abf34ec2dc1568332daaa9c98bded3b
pilot,null,core,40,SHA256(version|stage|mode|condition|index)->uint32,1692471134,2430417407,75308a777f2522709c8a0e78b69a80f5fc05f298775526e0cb011a4038508b7e
pilot,adversarial_mimic,core,40,SHA256(version|stage|mode|condition|index)->uint32,636265364,1135407581,15c8bd740af131817e3e1df8f1af3cefe871b2fd2da89107a96d3ae16b45d586
pilot,adversarial_clamp_mimic,core,40,SHA256(version|stage|mode|condition|index)->uint32,220600458,748644324,aaab49b4e1cf7292f8ef65a451463ee756d210cf607d3f37134b09bead1116e5
pilot,adversarial_clamp_mimic,clamp_leakage,40,SHA256(version|stage|mode|condition|index)->uint32,3299098794,428210637,bdeb131bdc350538c554364e7629c8c497c3b3c0b559904525619e90d6a73cfe
pilot,adversarial_clamp_mimic,clamp_noise,40,SHA256(version|stage|mode|condition|index)->uint32,2080351151,753394906,516eade200ade3ca6bc648140806b5e1472ccd8d8ae7e1977ad3d7a2ff31a750
pilot,adversarial_clamp_mimic,measurement_error,40,SHA256(version|stage|mode|condition|index)->uint32,3580373871,2460699152,b5184ad65c62fde2f4f461de9ac0e311e982ef39c0a8f2248d24553144528f8e
pilot,adversarial_clamp_mimic,latent_driver,40,SHA256(version|stage|mode|condition|index)->uint32,1387384633,3525838433,8850eda73ad8a0a69e5c0681d59729648b82f7c85d937739c5d86b0870094bd7
pilot,adversarial_clamp_mimic,weak_vo_coupling,40,SHA256(version|stage|mode|condition|index)->uint32,480037511,4271909192,753609f290e26bc462a8cfa3d3c6ce11d1fb1c2d0f0e68b796e23c836f2ab68f
pilot,adversarial_clamp_mimic,colored_noise,40,SHA256(version|stage|mode|condition|index)->uint32,3225750040,362554413,0fda3f10e33d9f39686cd26023b090983d5a420d9fb01719ef4c5c0a2e2e0e66
pilot,adversarial_clamp_mimic,parameter_drift,40,SHA256(version|stage|mode|condition|index)->uint32,3754141420,656346115,2bbc887b66a16e32c1c692d0cd3532f3416a1188ed01bfc6b7a5cf67ec737c31
pilot,adversarial_clamp_mimic,compound,40,SHA256(version|stage|mode|condition|index)->uint32,671129053,1276503177,1f6dacb83c3845f4d85ec9315d265f8037a84f8c6e2daca4f095aacdb4e8db5d
